support,itemsets
0.1948,frozenset({'Pasta'})
0.1931,frozenset({'Oil'})
0.193,frozenset({'Sugar'})
0.1897,frozenset({'Salt'})
0.187,frozenset({'Wheat'})
0.183,frozenset({'Cereal'})
0.1825,frozenset({'Rice'})
0.1388,frozenset({'Camera'})
0.137,frozenset({'Laptop'})
0.1345,frozenset({'Mobile'})
0.1343,frozenset({'Headphones'})
0.0973,frozenset({'Vitamins'})
0.0969,frozenset({'Painkillers'})
0.0929,frozenset({'Prescription Medicine'})
0.0762,frozenset({'Action Figures'})
0.0739,frozenset({'Bleach'})
0.073,frozenset({'Fiction'})
0.0727,frozenset({'Golf Clubs'})
0.0722,frozenset({'Academic'})
0.0722,frozenset({'Shirt'})
0.0721,frozenset({'Dolls'})
0.072,frozenset({'Board Games'})
0.072,frozenset({'Detergent'})
0.0719,frozenset({'Markers'})
0.0718,frozenset({'Non-fiction'})
0.0717,frozenset({'Football'})
0.0716,frozenset({'Puzzles'})
0.0714,frozenset({'Acid'})
0.0711,frozenset({'Tennis Rackets'})
0.0707,frozenset({'Basketball'})
0.0704,frozenset({'Notebooks'})
0.0703,frozenset({'Cutlery'})
0.07,frozenset({'Pants'})
0.0699,frozenset({'Shoes'})
0.0699,frozenset({'Alkali'})
0.0696,frozenset({'Pens'})
0.0685,frozenset({'Jacket'})
0.0681,frozenset({'Plates'})
0.0673,frozenset({'Pans'})
0.0672,frozenset({'Comics'})
0.0665,frozenset({'Staplers'})
0.0663,frozenset({'Pots'})
0.0493,frozenset({'Paint'})
0.0455,frozenset({'Alcohol'})
0.0447,"frozenset({'Rice', 'Pasta'})"
0.0443,frozenset({'Gasoline'})
0.043,"frozenset({'Sugar', 'Pasta'})"
0.0414,"frozenset({'Oil', 'Sugar'})"
0.041,"frozenset({'Sugar', 'Wheat'})"
0.0406,"frozenset({'Salt', 'Pasta'})"
0.0404,"frozenset({'Salt', 'Cereal'})"
0.0401,"frozenset({'Salt', 'Sugar'})"
0.04,"frozenset({'Cereal', 'Pasta'})"
0.04,"frozenset({'Salt', 'Oil'})"
0.0399,frozenset({'Pet Care Products'})
0.0398,"frozenset({'Cereal', 'Sugar'})"
0.0394,frozenset({'Lipstick'})
0.0394,"frozenset({'Salt', 'Wheat'})"
0.0392,"frozenset({'Pasta', 'Wheat'})"
0.0389,"frozenset({'Oil', 'Pasta'})"
0.0381,"frozenset({'Oil', 'Wheat'})"
0.0381,"frozenset({'Rice', 'Sugar'})"
0.038,"frozenset({'Oil', 'Cereal'})"
0.0377,frozenset({'Screws'})
0.0377,frozenset({'Hammers'})
0.0376,"frozenset({'Cereal', 'Wheat'})"
0.0375,frozenset({'Pet Beds'})
0.0374,frozenset({'Car Oil'})
0.0374,frozenset({'Plant Pots'})
0.0371,frozenset({'Gardening Tools'})
0.0371,frozenset({'Couch'})
0.0371,"frozenset({'Oil', 'Rice'})"
0.0369,"frozenset({'Salt', 'Rice'})"
0.0365,"frozenset({'Cereal', 'Rice'})"
0.0364,frozenset({'Batteries'})
0.0362,frozenset({'Wipers'})
0.0362,"frozenset({'Rice', 'Wheat'})"
0.0362,frozenset({'Foundation'})
0.0361,frozenset({'Tires'})
0.0358,frozenset({'Eyeliner'})
0.0358,frozenset({'Pet Toys'})
0.0358,frozenset({'Nails'})
0.0358,frozenset({'Fertilizer'})
0.0356,frozenset({'Chair'})
0.035,frozenset({'Drills'})
0.035,frozenset({'Mascara'})
0.0346,frozenset({'Seeds'})
0.0343,frozenset({'Bed'})
0.0334,frozenset({'Table'})
0.0331,"frozenset({'Laptop', 'Oil'})"
0.0322,"frozenset({'Camera', 'Salt'})"
0.0311,frozenset({'Pet Food'})
0.0304,"frozenset({'Camera', 'Oil'})"
0.0303,"frozenset({'Camera', 'Rice'})"
0.0303,"frozenset({'Laptop', 'Salt'})"
0.0301,"frozenset({'Headphones', 'Rice'})"
0.0298,"frozenset({'Camera', 'Pasta'})"
0.0298,"frozenset({'Laptop', 'Pasta'})"
0.0297,"frozenset({'Laptop', 'Sugar'})"
0.0292,"frozenset({'Camera', 'Sugar'})"
0.0287,"frozenset({'Headphones', 'Sugar'})"
0.0286,"frozenset({'Headphones', 'Wheat'})"
0.0285,"frozenset({'Oil', 'Headphones'})"
0.0285,"frozenset({'Mobile', 'Cereal'})"
0.0284,"frozenset({'Mobile', 'Sugar'})"
0.0283,"frozenset({'Mobile', 'Pasta'})"
0.0281,"frozenset({'Laptop', 'Cereal'})"
0.0281,"frozenset({'Camera', 'Cereal'})"
0.028,"frozenset({'Mobile', 'Oil'})"
0.0279,"frozenset({'Camera', 'Wheat'})"
0.0278,"frozenset({'Salt', 'Headphones'})"
0.0277,"frozenset({'Cereal', 'Headphones'})"
0.0276,"frozenset({'Headphones', 'Pasta'})"
0.0275,"frozenset({'Mobile', 'Salt'})"
0.0275,"frozenset({'Laptop', 'Wheat'})"
0.027,"frozenset({'Laptop', 'Rice'})"
0.0263,"frozenset({'Mobile', 'Wheat'})"
0.0254,"frozenset({'Mobile', 'Rice'})"
0.0224,"frozenset({'Vitamins', 'Sugar'})"
0.0218,"frozenset({'Oil', 'Prescription Medicine'})"
0.0216,"frozenset({'Mobile', 'Headphones'})"
0.0216,"frozenset({'Laptop', 'Headphones'})"
0.0215,"frozenset({'Camera', 'Laptop'})"
0.0209,"frozenset({'Salt', 'Prescription Medicine'})"
0.0208,"frozenset({'Camera', 'Headphones'})"
0.0206,"frozenset({'Camera', 'Mobile'})"
0.0205,"frozenset({'Painkillers', 'Pasta'})"
0.0202,"frozenset({'Painkillers', 'Sugar'})"
0.0201,"frozenset({'Sugar', 'Prescription Medicine'})"
0.0201,"frozenset({'Vitamins', 'Pasta'})"
0.0201,"frozenset({'Prescription Medicine', 'Pasta'})"
0.0197,"frozenset({'Rice', 'Prescription Medicine'})"
0.0197,"frozenset({'Laptop', 'Mobile'})"
0.0197,"frozenset({'Painkillers', 'Wheat'})"
0.0196,"frozenset({'Cereal', 'Painkillers'})"
0.0192,"frozenset({'Oil', 'Painkillers'})"
0.0191,"frozenset({'Salt', 'Painkillers'})"
0.019,"frozenset({'Prescription Medicine', 'Wheat'})"
0.0188,"frozenset({'Vitamins', 'Oil'})"
0.0186,"frozenset({'Vitamins', 'Wheat'})"
0.0185,"frozenset({'Painkillers', 'Rice'})"
0.018,"frozenset({'Action Figures', 'Pasta'})"
0.018,"frozenset({'Salt', 'Vitamins'})"
0.0179,"frozenset({'Vitamins', 'Rice'})"
0.0173,"frozenset({'Cereal', 'Prescription Medicine'})"
0.017,"frozenset({'Sugar', 'Basketball'})"
0.0168,"frozenset({'Detergent', 'Cereal'})"
0.0167,"frozenset({'Vitamins', 'Cereal'})"
0.0166,"frozenset({'Pasta', 'Board Games'})"
0.0165,"frozenset({'Laptop', 'Vitamins'})"
0.0163,"frozenset({'Alkali', 'Oil'})"
0.0163,"frozenset({'Shirt', 'Pasta'})"
0.0163,"frozenset({'Rice', 'Action Figures'})"
0.0162,"frozenset({'Salt', 'Pots'})"
0.0162,"frozenset({'Cereal', 'Puzzles'})"
0.0161,"frozenset({'Markers', 'Pasta'})"
0.0161,"frozenset({'Oil', 'Football'})"
0.0161,"frozenset({'Markers', 'Sugar'})"
0.0161,"frozenset({'Oil', 'Shoes'})"
0.016,"frozenset({'Salt', 'Fiction'})"
0.016,"frozenset({'Sugar', 'Board Games'})"
0.016,"frozenset({'Sugar', 'Action Figures'})"
0.0159,"frozenset({'Sugar', 'Bleach'})"
0.0159,"frozenset({'Jacket', 'Pasta'})"
0.0159,"frozenset({'Cereal', 'Action Figures'})"
0.0159,"frozenset({'Pasta', 'Tennis Rackets'})"
0.0159,"frozenset({'Academic', 'Wheat'})"
0.0158,"frozenset({'Rice', 'Shirt'})"
0.0158,"frozenset({'Oil', 'Comics'})"
0.0158,"frozenset({'Detergent', 'Sugar'})"
0.0157,"frozenset({'Oil', 'Action Figures'})"
0.0157,"frozenset({'Golf Clubs', 'Rice'})"
0.0157,"frozenset({'Notebooks', 'Pasta'})"
0.0157,"frozenset({'Fiction', 'Wheat'})"
0.0157,"frozenset({'Oil', 'Shirt'})"
0.0156,"frozenset({'Detergent', 'Pasta'})"
0.0156,"frozenset({'Acid', 'Cereal'})"
0.0156,"frozenset({'Bleach', 'Pasta'})"
0.0156,"frozenset({'Oil', 'Basketball'})"
0.0156,"frozenset({'Plates', 'Oil'})"
0.0156,"frozenset({'Salt', 'Detergent'})"
0.0156,"frozenset({'Acid', 'Oil'})"
0.0155,"frozenset({'Dolls', 'Rice'})"
0.0155,"frozenset({'Puzzles', 'Pasta'})"
0.0155,"frozenset({'Sugar', 'Cutlery'})"
0.0155,"frozenset({'Sugar', 'Fiction'})"
0.0154,"frozenset({'Oil', 'Bleach'})"
0.0154,"frozenset({'Pasta', 'Academic'})"
0.0154,"frozenset({'Dolls', 'Wheat'})"
0.0154,"frozenset({'Pasta', 'Cutlery'})"
0.0154,"frozenset({'Golf Clubs', 'Pasta'})"
0.0153,"frozenset({'Markers', 'Wheat'})"
0.0153,"frozenset({'Staplers', 'Wheat'})"
0.0153,"frozenset({'Golf Clubs', 'Wheat'})"
0.0153,"frozenset({'Plates', 'Wheat'})"
0.0153,"frozenset({'Jacket', 'Oil'})"
0.0152,"frozenset({'Golf Clubs', 'Salt'})"
0.0152,"frozenset({'Oil', 'Academic'})"
0.0152,"frozenset({'Football', 'Sugar'})"
0.0152,"frozenset({'Salt', 'Puzzles'})"
0.0152,"frozenset({'Salt', 'Comics'})"
0.0152,"frozenset({'Cereal', 'Bleach'})"
0.0152,"frozenset({'Salt', 'Action Figures'})"
0.0152,"frozenset({'Acid', 'Pasta'})"
0.0152,"frozenset({'Pens', 'Wheat'})"
0.0152,"frozenset({'Pots', 'Wheat'})"
0.0151,"frozenset({'Pens', 'Pasta'})"
0.0151,"frozenset({'Salt', 'Shirt'})"
0.0151,"frozenset({'Salt', 'Cutlery'})"
0.0151,"frozenset({'Football', 'Pasta'})"
0.0151,"frozenset({'Rice', 'Non-fiction'})"
0.0151,"frozenset({'Rice', 'Shoes'})"
0.015,"frozenset({'Cereal', 'Non-fiction'})"
0.015,"frozenset({'Golf Clubs', 'Cereal'})"
0.015,"frozenset({'Detergent', 'Wheat'})"
0.015,"frozenset({'Oil', 'Dolls'})"
0.015,"frozenset({'Basketball', 'Pasta'})"
0.015,"frozenset({'Dolls', 'Sugar'})"
0.015,"frozenset({'Staplers', 'Oil'})"
0.015,"frozenset({'Rice', 'Puzzles'})"
0.015,"frozenset({'Pasta', 'Fiction'})"
0.015,"frozenset({'Pans', 'Pasta'})"
0.0149,"frozenset({'Salt', 'Academic'})"
0.0149,"frozenset({'Cereal', 'Shirt'})"
0.0149,"frozenset({'Salt', 'Markers'})"
0.0149,"frozenset({'Salt', 'Board Games'})"
0.0149,"frozenset({'Vitamins', 'Headphones'})"
0.0149,"frozenset({'Sugar', 'Pots'})"
0.0149,"frozenset({'Salt', 'Shoes'})"
0.0149,"frozenset({'Golf Clubs', 'Sugar'})"
0.0149,"frozenset({'Oil', 'Markers'})"
0.0149,"frozenset({'Salt', 'Alkali'})"
0.0148,"frozenset({'Salt', 'Dolls'})"
0.0148,"frozenset({'Shirt', 'Wheat'})"
0.0148,"frozenset({'Pants', 'Pasta'})"
0.0148,"frozenset({'Action Figures', 'Wheat'})"
0.0148,"frozenset({'Oil', 'Tennis Rackets'})"
0.0148,"frozenset({'Sugar', 'Non-fiction'})"
0.0147,"frozenset({'Non-fiction', 'Wheat'})"
0.0147,"frozenset({'Alkali', 'Wheat'})"
0.0147,"frozenset({'Cereal', 'Pens'})"
0.0147,"frozenset({'Salt', 'Tennis Rackets'})"
0.0146,"frozenset({'Camera', 'Prescription Medicine'})"
0.0146,"frozenset({'Sugar', 'Tennis Rackets'})"
0.0146,"frozenset({'Comics', 'Pasta'})"
0.0146,"frozenset({'Dolls', 'Pasta'})"
0.0146,"frozenset({'Salt', 'Bleach'})"
0.0146,"frozenset({'Shirt', 'Sugar'})"
0.0146,"frozenset({'Notebooks', 'Sugar'})"
0.0146,"frozenset({'Pasta', 'Shoes'})"
0.0146,"frozenset({'Alkali', 'Pasta'})"
0.0146,"frozenset({'Sugar', 'Shoes'})"
0.0146,"frozenset({'Golf Clubs', 'Oil'})"
0.0145,"frozenset({'Football', 'Rice'})"
0.0145,"frozenset({'Puzzles', 'Wheat'})"
0.0145,"frozenset({'Laptop', 'Painkillers'})"
0.0145,"frozenset({'Salt', 'Pants'})"
0.0145,"frozenset({'Plates', 'Sugar'})"
0.0145,"frozenset({'Oil', 'Detergent'})"
0.0145,"frozenset({'Tennis Rackets', 'Wheat'})"
0.0144,"frozenset({'Laptop', 'Prescription Medicine'})"
0.0144,"frozenset({'Staplers', 'Sugar'})"
0.0144,"frozenset({'Salt', 'Non-fiction'})"
0.0144,"frozenset({'Markers', 'Rice'})"
0.0143,"frozenset({'Cereal', 'Board Games'})"
0.0143,"frozenset({'Pasta', 'Pots'})"
0.0143,"frozenset({'Alkali', 'Sugar'})"
0.0143,"frozenset({'Salt', 'Pens'})"
0.0143,"frozenset({'Alkali', 'Cereal'})"
0.0143,"frozenset({'Jacket', 'Wheat'})"
0.0143,"frozenset({'Mobile', 'Prescription Medicine'})"
0.0143,"frozenset({'Non-fiction', 'Pasta'})"
0.0142,"frozenset({'Pans', 'Oil'})"
0.0142,"frozenset({'Staplers', 'Pasta'})"
0.0142,"frozenset({'Rice', 'Fiction'})"
0.0142,"frozenset({'Plates', 'Rice'})"
0.0142,"frozenset({'Cereal', 'Shoes'})"
0.0142,"frozenset({'Sugar', 'Academic'})"
0.0142,"frozenset({'Rice', 'Basketball'})"
0.0141,"frozenset({'Salt', 'Basketball'})"
0.0141,"frozenset({'Rice', 'Bleach'})"
0.014,"frozenset({'Oil', 'Puzzles'})"
0.014,"frozenset({'Sugar', 'Pens'})"
0.014,"frozenset({'Rice', 'Board Games'})"
0.014,"frozenset({'Oil', 'Board Games'})"
0.014,"frozenset({'Acid', 'Rice'})"
0.014,"frozenset({'Plates', 'Pasta'})"
0.0139,"frozenset({'Jacket', 'Sugar'})"
0.0139,"frozenset({'Acid', 'Wheat'})"
0.0139,"frozenset({'Camera', 'Vitamins'})"
0.0139,"frozenset({'Shoes', 'Wheat'})"
0.0139,"frozenset({'Plates', 'Salt'})"
0.0139,"frozenset({'Salt', 'Football'})"
0.0139,"frozenset({'Pans', 'Salt'})"
0.0139,"frozenset({'Pants', 'Oil'})"
0.0139,"frozenset({'Staplers', 'Salt'})"
0.0138,"frozenset({'Rice', 'Tennis Rackets'})"
0.0138,"frozenset({'Cereal', 'Comics'})"
0.0138,"frozenset({'Acid', 'Sugar'})"
0.0138,"frozenset({'Cereal', 'Academic'})"
0.0137,"frozenset({'Plates', 'Cereal'})"
0.0137,"frozenset({'Pants', 'Cereal'})"
0.0137,"frozenset({'Detergent', 'Rice'})"
0.0136,"frozenset({'Oil', 'Non-fiction'})"
0.0135,"frozenset({'Camera', 'Painkillers'})"
0.0135,"frozenset({'Painkillers', 'Headphones'})"
0.0135,"frozenset({'Jacket', 'Rice'})"
0.0135,"frozenset({'Jacket', 'Cereal'})"
0.0135,"frozenset({'Cereal', 'Football'})"
0.0134,"frozenset({'Cereal', 'Basketball'})"
0.0134,"frozenset({'Staplers', 'Rice'})"
0.0134,"frozenset({'Rice', 'Pots'})"
0.0134,"frozenset({'Cereal', 'Notebooks'})"
0.0134,"frozenset({'Puzzles', 'Sugar'})"
0.0134,"frozenset({'Pants', 'Rice'})"
0.0134,"frozenset({'Pants', 'Sugar'})"
0.0133,"frozenset({'Salt', 'Notebooks'})"
0.0133,"frozenset({'Cereal', 'Fiction'})"
0.0133,"frozenset({'Pants', 'Wheat'})"
0.0133,"frozenset({'Pans', 'Sugar'})"
0.0133,"frozenset({'Rice', 'Comics'})"
0.0132,"frozenset({'Markers', 'Cereal'})"
0.0132,"frozenset({'Wheat', 'Board Games'})"
0.0132,"frozenset({'Bleach', 'Wheat'})"
0.0132,"frozenset({'Football', 'Wheat'})"
0.0132,"frozenset({'Notebooks', 'Wheat'})"
0.0132,"frozenset({'Pans', 'Rice'})"
0.0131,"frozenset({'Oil', 'Notebooks'})"
0.0131,"frozenset({'Oil', 'Cutlery'})"
0.0131,"frozenset({'Cereal', 'Dolls'})"
0.013,"frozenset({'Pans', 'Cereal'})"
0.013,"frozenset({'Sugar', 'Comics'})"
0.013,"frozenset({'Staplers', 'Cereal'})"
0.0129,"frozenset({'Salt', 'Jacket'})"
0.0128,"frozenset({'Rice', 'Pens'})"
0.0128,"frozenset({'Cereal', 'Cutlery'})"
0.0127,"frozenset({'Notebooks', 'Rice'})"
0.0127,"frozenset({'Rice', 'Cutlery'})"
0.0127,"frozenset({'Cereal', 'Tennis Rackets'})"
0.0127,"frozenset({'Oil', 'Pens'})"
0.0127,"frozenset({'Acid', 'Salt'})"
0.0126,"frozenset({'Basketball', 'Wheat'})"
0.0126,"frozenset({'Camera', 'Football'})"
0.0125,"frozenset({'Laptop', 'Dolls'})"
0.0125,"frozenset({'Comics', 'Wheat'})"
0.0125,"frozenset({'Oil', 'Pots'})"
0.0124,"frozenset({'Cutlery', 'Wheat'})"
0.0124,"frozenset({'Oil', 'Fiction'})"
0.0123,"frozenset({'Mobile', 'Action Figures'})"
0.0123,"frozenset({'Camera', 'Bleach'})"
0.0122,"frozenset({'Pans', 'Wheat'})"
0.0121,"frozenset({'Camera', 'Academic'})"
0.012,"frozenset({'Laptop', 'Tennis Rackets'})"
0.012,"frozenset({'Headphones', 'Shirt'})"
0.012,"frozenset({'Cereal', 'Pots'})"
0.0119,"frozenset({'Camera', 'Board Games'})"
0.0119,"frozenset({'Headphones', 'Prescription Medicine'})"
0.0118,"frozenset({'Oil', 'Paint'})"
0.0118,"frozenset({'Camera', 'Alkali'})"
0.0118,"frozenset({'Pans', 'Headphones'})"
0.0118,"frozenset({'Camera', 'Non-fiction'})"
0.0118,"frozenset({'Rice', 'Academic'})"
0.0117,"frozenset({'Mobile', 'Shoes'})"
0.0117,"frozenset({'Laptop', 'Non-fiction'})"
0.0117,"frozenset({'Mobile', 'Vitamins'})"
0.0116,"frozenset({'Camera', 'Jacket'})"
0.0116,"frozenset({'Laptop', 'Bleach'})"
0.0116,"frozenset({'Mobile', 'Academic'})"
0.0115,"frozenset({'Mobile', 'Painkillers'})"
0.0115,"frozenset({'Laptop', 'Pants'})"
0.0115,"frozenset({'Golf Clubs', 'Mobile'})"
0.0114,"frozenset({'Paint', 'Sugar'})"
0.0114,"frozenset({'Dolls', 'Headphones'})"
0.0114,"frozenset({'Camera', 'Action Figures'})"
0.0114,"frozenset({'Plates', 'Laptop'})"
0.0113,"frozenset({'Headphones', 'Basketball'})"
0.0113,"frozenset({'Mobile', 'Board Games'})"
0.0113,"frozenset({'Alkali', 'Rice'})"
0.0113,"frozenset({'Camera', 'Acid'})"
0.0112,"frozenset({'Headphones', 'Board Games'})"
0.0111,"frozenset({'Laptop', 'Puzzles'})"
0.011,"frozenset({'Mobile', 'Puzzles'})"
0.011,"frozenset({'Camera', 'Plates'})"
0.011,"frozenset({'Alkali', 'Headphones'})"
0.011,"frozenset({'Camera', 'Dolls'})"
0.011,"frozenset({'Camera', 'Golf Clubs'})"
0.0109,"frozenset({'Pants', 'Headphones'})"
0.0109,"frozenset({'Camera', 'Fiction'})"
0.0109,"frozenset({'Laptop', 'Shirt'})"
0.0109,"frozenset({'Laptop', 'Comics'})"
0.0109,"frozenset({'Headphones', 'Action Figures'})"
0.0109,"frozenset({'Mobile', 'Non-fiction'})"
0.0109,"frozenset({'Camera', 'Comics'})"
0.0108,"frozenset({'Plates', 'Mobile'})"
0.0108,"frozenset({'Headphones', 'Pens'})"
0.0108,"frozenset({'Mobile', 'Tennis Rackets'})"
0.0108,"frozenset({'Camera', 'Shoes'})"
0.0108,"frozenset({'Mobile', 'Detergent'})"
0.0108,"frozenset({'Camera', 'Puzzles'})"
0.0108,"frozenset({'Camera', 'Tennis Rackets'})"
0.0108,"frozenset({'Salt', 'Paint'})"
0.0107,"frozenset({'Laptop', 'Fiction'})"
0.0107,"frozenset({'Laptop', 'Alkali'})"
0.0107,"frozenset({'Football', 'Headphones'})"
0.0107,"frozenset({'Headphones', 'Cutlery'})"
0.0107,"frozenset({'Mobile', 'Shirt'})"
0.0106,"frozenset({'Markers', 'Headphones'})"
0.0106,"frozenset({'Headphones', 'Tennis Rackets'})"
0.0106,"frozenset({'Headphones', 'Puzzles'})"
0.0106,"frozenset({'Laptop', 'Detergent'})"
0.0106,"frozenset({'Mobile', 'Dolls'})"
0.0105,"frozenset({'Laptop', 'Action Figures'})"
0.0105,"frozenset({'Acid', 'Headphones'})"
0.0105,"frozenset({'Headphones', 'Academic'})"
0.0105,"frozenset({'Golf Clubs', 'Laptop'})"
0.0105,"frozenset({'Mobile', 'Markers'})"
0.0104,"frozenset({'Jacket', 'Headphones'})"
0.0104,"frozenset({'Painkillers', 'Prescription Medicine'})"
0.0104,"frozenset({'Pans', 'Camera'})"
0.0104,"frozenset({'Laptop', 'Acid'})"
0.0104,"frozenset({'Headphones', 'Notebooks'})"
0.0104,"frozenset({'Laptop', 'Pens'})"
0.0104,"frozenset({'Camera', 'Pots'})"
0.0103,"frozenset({'Alcohol', 'Oil'})"
0.0103,"frozenset({'Mobile', 'Pants'})"
0.0103,"frozenset({'Laptop', 'Board Games'})"
0.0103,"frozenset({'Headphones', 'Shoes'})"
0.0103,"frozenset({'Mobile', 'Bleach'})"
0.0103,"frozenset({'Camera', 'Markers'})"
0.0102,"frozenset({'Mobile', 'Fiction'})"
0.0102,"frozenset({'Camera', 'Pants'})"
0.0102,"frozenset({'Laptop', 'Shoes'})"
0.0102,"frozenset({'Mobile', 'Alkali'})"
0.0102,"frozenset({'Headphones', 'Non-fiction'})"
0.0101,"frozenset({'Vitamins', 'Prescription Medicine'})"
0.0101,"frozenset({'Plates', 'Headphones'})"
0.0101,"frozenset({'Laptop', 'Football'})"
0.0101,"frozenset({'Vitamins', 'Painkillers'})"
0.01,"frozenset({'Alcohol', 'Pasta'})"
0.01,"frozenset({'Mobile', 'Jacket'})"
0.01,"frozenset({'Headphones', 'Fiction'})"
0.01,"frozenset({'Camera', 'Basketball'})"
0.0099,"frozenset({'Golf Clubs', 'Headphones'})"
0.0099,"frozenset({'Oil', 'Sugar', 'Wheat'})"
0.0099,"frozenset({'Camera', 'Cutlery'})"
0.0099,"frozenset({'Vitamins', 'Markers'})"
0.0099,"frozenset({'Laptop', 'Cutlery'})"
0.0099,"frozenset({'Salt', 'Gasoline'})"
0.0098,"frozenset({'Paint', 'Pasta'})"
0.0097,"frozenset({'Laptop', 'Notebooks'})"
0.0097,"frozenset({'Alcohol', 'Wheat'})"
0.0097,"frozenset({'Detergent', 'Headphones'})"
0.0097,"frozenset({'Camera', 'Staplers'})"
0.0097,"frozenset({'Laptop', 'Jacket'})"
0.0097,"frozenset({'Camera', 'Detergent'})"
0.0096,"frozenset({'Mobile', 'Pens'})"
0.0096,"frozenset({'Staplers', 'Mobile'})"
0.0096,"frozenset({'Headphones', 'Bleach'})"
0.0096,"frozenset({'Alcohol', 'Rice'})"
0.0096,"frozenset({'Headphones', 'Comics'})"
0.0095,"frozenset({'Camera', 'Shirt'})"
0.0095,"frozenset({'Laptop', 'Academic'})"
0.0095,"frozenset({'Cereal', 'Sugar', 'Wheat'})"
0.0094,"frozenset({'Cereal', 'Rice', 'Sugar'})"
0.0094,"frozenset({'Mobile', 'Football'})"
0.0094,"frozenset({'Oil', 'Cereal', 'Pasta'})"
0.0094,"frozenset({'Salt', 'Screws'})"
0.0094,"frozenset({'Foundation', 'Wheat'})"
0.0093,"frozenset({'Salt', 'Alcohol'})"
0.0093,"frozenset({'Camera', 'Pens'})"
0.0093,"frozenset({'Cereal', 'Sugar', 'Pasta'})"
0.0093,"frozenset({'Laptop', 'Pots'})"
0.0093,"frozenset({'Mobile', 'Notebooks'})"
0.0092,"frozenset({'Salt', 'Cereal', 'Sugar'})"
0.0092,"frozenset({'Pans', 'Laptop'})"
0.0092,"frozenset({'Mobile', 'Cutlery'})"
0.0092,"frozenset({'Salt', 'Rice', 'Pasta'})"
0.0092,"frozenset({'Gasoline', 'Wheat'})"
0.0092,"frozenset({'Oil', 'Salt', 'Sugar'})"
0.0092,"frozenset({'Headphones', 'Pots'})"
0.0092,"frozenset({'Cereal', 'Paint'})"
0.0091,"frozenset({'Salt', 'Cereal', 'Pasta'})"
0.0091,"frozenset({'Sugar', 'Lipstick'})"
0.009,"frozenset({'Oil', 'Mascara'})"
0.009,"frozenset({'Mobile', 'Pots'})"
0.009,"frozenset({'Rice', 'Pet Care Products'})"
0.009,"frozenset({'Salt', 'Hammers'})"
0.009,"frozenset({'Camera', 'Notebooks'})"
0.009,"frozenset({'Action Figures', 'Prescription Medicine'})"
0.009,"frozenset({'Staplers', 'Headphones'})"
0.0089,"frozenset({'Rice', 'Sugar', 'Pasta'})"
0.0089,"frozenset({'Laptop', 'Basketball'})"
0.0089,"frozenset({'Gasoline', 'Pasta'})"
0.0089,"frozenset({'Laptop', 'Markers'})"
0.0089,"frozenset({'Laptop', 'Staplers'})"
0.0088,"frozenset({'Oil', 'Screws'})"
0.0088,"frozenset({'Cereal', 'Gasoline'})"
0.0088,"frozenset({'Oil', 'Rice', 'Pasta'})"
0.0088,"frozenset({'Paint', 'Rice'})"
0.0088,"frozenset({'Painkillers', 'Action Figures'})"
0.0087,"frozenset({'Mobile', 'Acid'})"
0.0087,"frozenset({'Alcohol', 'Sugar'})"
0.0087,"frozenset({'Couch', 'Sugar'})"
0.0087,"frozenset({'Cereal', 'Lipstick'})"
0.0087,"frozenset({'Salt', 'Sugar', 'Pasta'})"
0.0087,"frozenset({'Plates', 'Prescription Medicine'})"
0.0087,"frozenset({'Salt', 'Cereal', 'Wheat'})"
0.0087,"frozenset({'Mobile', 'Basketball'})"
0.0086,"frozenset({'Salt', 'Cereal', 'Rice'})"
0.0086,"frozenset({'Pans', 'Mobile'})"
0.0086,"frozenset({'Mobile', 'Comics'})"
0.0086,"frozenset({'Rice', 'Gasoline'})"
0.0086,"frozenset({'Paint', 'Wheat'})"
0.0086,"frozenset({'Couch', 'Oil'})"
0.0086,"frozenset({'Painkillers', 'Academic'})"
0.0086,"frozenset({'Salt', 'Pet Beds'})"
0.0086,"frozenset({'Salt', 'Sugar', 'Wheat'})"
0.0085,"frozenset({'Oil', 'Gasoline'})"
0.0085,"frozenset({'Cereal', 'Rice', 'Wheat'})"
0.0085,"frozenset({'Sugar', 'Hammers'})"
0.0085,"frozenset({'Pet Beds', 'Pasta'})"
0.0085,"frozenset({'Cereal', 'Rice', 'Pasta'})"
0.0085,"frozenset({'Wipers', 'Rice'})"
0.0085,"frozenset({'Paint', 'Headphones'})"
0.0085,"frozenset({'Salt', 'Foundation'})"
0.0084,"frozenset({'Cereal', 'Pasta', 'Wheat'})"
0.0084,"frozenset({'Vitamins', 'Shoes'})"
0.0084,"frozenset({'Wipers', 'Salt'})"
0.0084,"frozenset({'Vitamins', 'Academic'})"
0.0084,"frozenset({'Couch', 'Rice'})"
0.0084,"frozenset({'Oil', 'Pet Beds'})"
0.0084,"frozenset({'Rice', 'Lipstick'})"
0.0084,"frozenset({'Chair', 'Wheat'})"
0.0084,"frozenset({'Cereal', 'Hammers'})"
0.0084,"frozenset({'Sugar', 'Screws'})"
0.0084,"frozenset({'Action Figures', 'Tennis Rackets'})"
0.0084,"frozenset({'Cereal', 'Pet Beds'})"
0.0084,"frozenset({'Sugar', 'Batteries'})"
0.0084,"frozenset({'Vitamins', 'Fiction'})"
0.0083,"frozenset({'Couch', 'Pasta'})"
0.0083,"frozenset({'Pet Care Products', 'Wheat'})"
0.0083,"frozenset({'Gasoline', 'Sugar'})"
0.0083,"frozenset({'Chair', 'Pasta'})"
0.0082,"frozenset({'Bleach', 'Prescription Medicine'})"
0.0082,"frozenset({'Plant Pots', 'Sugar'})"
0.0082,"frozenset({'Pasta', 'Lipstick'})"
0.0082,"frozenset({'Oil', 'Sugar', 'Pasta'})"
0.0082,"frozenset({'Oil', 'Plant Pots'})"
0.0082,"frozenset({'Camera', 'Salt', 'Oil'})"
0.0082,"frozenset({'Football', 'Prescription Medicine'})"
0.0082,"frozenset({'Prescription Medicine', 'Fiction'})"
0.0082,"frozenset({'Alkali', 'Painkillers'})"
0.0082,"frozenset({'Sugar', 'Pasta', 'Wheat'})"
0.0082,"frozenset({'Salt', 'Rice', 'Sugar'})"
0.0082,"frozenset({'Painkillers', 'Cutlery'})"
0.0082,"frozenset({'Painkillers', 'Board Games'})"
0.0082,"frozenset({'Sugar', 'Gardening Tools'})"
0.0082,"frozenset({'Vitamins', 'Action Figures'})"
0.0082,"frozenset({'Couch', 'Salt'})"
0.0082,"frozenset({'Sugar', 'Pet Care Products'})"
0.0081,"frozenset({'Vitamins', 'Notebooks'})"
0.0081,"frozenset({'Rice', 'Pasta', 'Wheat'})"
0.0081,"frozenset({'Oil', 'Eyeliner'})"
0.0081,"frozenset({'Lipstick', 'Wheat'})"
0.0081,"frozenset({'Vitamins', 'Bleach'})"
0.0081,"frozenset({'Chair', 'Rice'})"
0.0081,"frozenset({'Oil', 'Fertilizer'})"
0.0081,"frozenset({'Wipers', 'Pasta'})"
0.008,"frozenset({'Foundation', 'Pasta'})"
0.008,"frozenset({'Wheat', 'Screws'})"
0.008,"frozenset({'Notebooks', 'Prescription Medicine'})"
0.008,"frozenset({'Sugar', 'Eyeliner'})"
0.008,"frozenset({'Painkillers', 'Tennis Rackets'})"
0.008,"frozenset({'Laptop', 'Salt', 'Oil'})"
0.008,"frozenset({'Rice', 'Screws'})"
0.008,"frozenset({'Salt', 'Cereal', 'Oil'})"
0.008,"frozenset({'Pants', 'Painkillers'})"
0.008,"frozenset({'Vitamins', 'Football'})"
0.008,"frozenset({'Pet Beds', 'Wheat'})"
0.008,"frozenset({'Fertilizer', 'Wheat'})"
0.0079,"frozenset({'Prescription Medicine', 'Tennis Rackets'})"
0.0079,"frozenset({'Camera', 'Paint'})"
0.0079,"frozenset({'Oil', 'Foundation'})"
0.0079,"frozenset({'Oil', 'Tires'})"
0.0079,"frozenset({'Detergent', 'Painkillers'})"
0.0079,"frozenset({'Gardening Tools', 'Pasta'})"
0.0079,"frozenset({'Alcohol', 'Cereal'})"
0.0079,"frozenset({'Seeds', 'Oil'})"
0.0079,"frozenset({'Pans', 'Vitamins'})"
0.0079,"frozenset({'Oil', 'Cereal', 'Wheat'})"
0.0079,"frozenset({'Seeds', 'Sugar'})"
0.0078,"frozenset({'Painkillers', 'Puzzles'})"
0.0078,"frozenset({'Table', 'Sugar'})"
0.0078,"frozenset({'Sugar', 'Tires'})"
0.0078,"frozenset({'Golf Clubs', 'Painkillers'})"
0.0078,"frozenset({'Vitamins', 'Non-fiction'})"
0.0078,"frozenset({'Salt', 'Pasta', 'Wheat'})"
0.0078,"frozenset({'Wipers', 'Sugar'})"
0.0078,"frozenset({'Oil', 'Cereal', 'Rice'})"
0.0077,"frozenset({'Staplers', 'Painkillers'})"
0.0077,"frozenset({'Salt', 'Drills'})"
0.0077,"frozenset({'Sugar', 'Foundation'})"
0.0077,"frozenset({'Cereal', 'Eyeliner'})"
0.0077,"frozenset({'Salt', 'Oil', 'Pasta'})"
0.0077,"frozenset({'Painkillers', 'Bleach'})"
0.0077,"frozenset({'Acid', 'Prescription Medicine'})"
0.0077,"frozenset({'Oil', 'Pet Care Products'})"
0.0077,"frozenset({'Painkillers', 'Comics'})"
0.0076,"frozenset({'Cereal', 'Car Oil'})"
0.0076,"frozenset({'Salt', 'Tires'})"
0.0076,"frozenset({'Nails', 'Sugar'})"
0.0076,"frozenset({'Vitamins', 'Jacket'})"
0.0076,"frozenset({'Nails', 'Salt'})"
0.0076,"frozenset({'Pasta', 'Car Oil'})"
0.0076,"frozenset({'Pet Food', 'Wheat'})"
0.0076,"frozenset({'Oil', 'Drills'})"
0.0076,"frozenset({'Rice', 'Sugar', 'Wheat'})"
0.0076,"frozenset({'Couch', 'Cereal'})"
0.0076,"frozenset({'Cereal', 'Tires'})"
0.0076,"frozenset({'Vitamins', 'Dolls'})"
0.0076,"frozenset({'Oil', 'Pet Toys'})"
0.0076,"frozenset({'Painkillers', 'Pens'})"
0.0076,"frozenset({'Oil', 'Rice', 'Wheat'})"
0.0076,"frozenset({'Prescription Medicine', 'Pots'})"
0.0075,"frozenset({'Cereal', 'Fertilizer'})"
0.0075,"frozenset({'Markers', 'Painkillers'})"
0.0075,"frozenset({'Oil', 'Lipstick'})"
0.0075,"frozenset({'Rice', 'Tires'})"
0.0075,"frozenset({'Vitamins', 'Pens'})"
0.0075,"frozenset({'Jacket', 'Markers'})"
0.0075,"frozenset({'Mascara', 'Sugar'})"
0.0075,"frozenset({'Oil', 'Batteries'})"
0.0075,"frozenset({'Painkillers', 'Notebooks'})"
0.0075,"frozenset({'Chair', 'Sugar'})"
0.0075,"frozenset({'Seeds', 'Rice'})"
0.0075,"frozenset({'Oil', 'Hammers'})"
0.0075,"frozenset({'Salt', 'Batteries'})"
0.0075,"frozenset({'Rice', 'Gardening Tools'})"
0.0075,"frozenset({'Oil', 'Gardening Tools'})"
0.0075,"frozenset({'Detergent', 'Prescription Medicine'})"
0.0075,"frozenset({'Salt', 'Oil', 'Wheat'})"
0.0075,"frozenset({'Painkillers', 'Shirt'})"
0.0075,"frozenset({'Vitamins', 'Detergent'})"
0.0075,"frozenset({'Seeds', 'Pasta'})"
0.0075,"frozenset({'Vitamins', 'Comics'})"
0.0075,"frozenset({'Gardening Tools', 'Wheat'})"
0.0075,"frozenset({'Pasta', 'Tires'})"
0.0075,"frozenset({'Prescription Medicine', 'Academic'})"
0.0075,"frozenset({'Vitamins', 'Pants'})"
0.0075,"frozenset({'Salt', 'Pet Toys'})"
0.0075,"frozenset({'Eyeliner', 'Pasta'})"
0.0074,"frozenset({'Bed', 'Salt'})"
0.0074,"frozenset({'Salt', 'Rice', 'Oil'})"
0.0074,"frozenset({'Cereal', 'Drills'})"
0.0074,"frozenset({'Painkillers', 'Fiction'})"
0.0074,"frozenset({'Pet Toys', 'Pasta'})"
0.0074,"frozenset({'Fertilizer', 'Sugar'})"
0.0074,"frozenset({'Seeds', 'Cereal'})"
0.0074,"frozenset({'Nails', 'Cereal'})"
0.0074,"frozenset({'Camera', 'Salt', 'Rice'})"
0.0074,"frozenset({'Oil', 'Table'})"
0.0074,"frozenset({'Salt', 'Pet Care Products'})"
0.0074,"frozenset({'Pasta', 'Batteries'})"
0.0074,"frozenset({'Shirt', 'Prescription Medicine'})"
0.0074,"frozenset({'Golf Clubs', 'Vitamins'})"
0.0074,"frozenset({'Golf Clubs', 'Prescription Medicine'})"
0.0074,"frozenset({'Wipers', 'Oil'})"
0.0074,"frozenset({'Laptop', 'Oil', 'Pasta'})"
0.0074,"frozenset({'Hammers', 'Wheat'})"
0.0073,"frozenset({'Bed', 'Sugar'})"
0.0073,"frozenset({'Bleach', 'Board Games'})"
0.0073,"frozenset({'Prescription Medicine', 'Board Games'})"
0.0073,"frozenset({'Fertilizer', 'Rice'})"
0.0073,"frozenset({'Oil', 'Cereal', 'Sugar'})"
0.0073,"frozenset({'Pet Toys', 'Rice'})"
0.0073,"frozenset({'Cereal', 'Mascara'})"
0.0073,"frozenset({'Seeds', 'Salt'})"
0.0073,"frozenset({'Markers', 'Prescription Medicine'})"
0.0073,"frozenset({'Oil', 'Chair'})"
0.0073,"frozenset({'Football', 'Painkillers'})"
0.0073,"frozenset({'Cereal', 'Batteries'})"
0.0073,"frozenset({'Salt', 'Headphones', 'Rice'})"
0.0073,"frozenset({'Oil', 'Car Oil'})"
0.0073,"frozenset({'Drills', 'Wheat'})"
0.0073,"frozenset({'Headphones', 'Car Oil'})"
0.0073,"frozenset({'Pet Toys', 'Sugar'})"
0.0073,"frozenset({'Mobile', 'Rice', 'Pasta'})"
0.0073,"frozenset({'Sugar', 'Car Oil'})"
0.0072,"frozenset({'Staplers', 'Acid'})"
0.0072,"frozenset({'Vitamins', 'Alkali'})"
0.0072,"frozenset({'Camera', 'Rice', 'Pasta'})"
0.0072,"frozenset({'Table', 'Pasta'})"
0.0072,"frozenset({'Salt', 'Lipstick'})"
0.0072,"frozenset({'Oil', 'Rice', 'Sugar'})"
0.0072,"frozenset({'Mascara', 'Pasta'})"
0.0072,"frozenset({'Pasta', 'Hammers'})"
0.0072,"frozenset({'Sugar', 'Drills'})"
0.0072,"frozenset({'Fertilizer', 'Pasta'})"
0.0072,"frozenset({'Seeds', 'Wheat'})"
0.0072,"frozenset({'Nails', 'Pasta'})"
0.0072,"frozenset({'Laptop', 'Salt', 'Cereal'})"
0.0071,"frozenset({'Laptop', 'Paint'})"
0.0071,"frozenset({'Rice', 'Foundation'})"
0.0071,"frozenset({'Pans', 'Prescription Medicine'})"
0.0071,"frozenset({'Salt', 'Mascara'})"
0.0071,"frozenset({'Rice', 'Hammers'})"
0.0071,"frozenset({'Salt', 'Eyeliner'})"
0.0071,"frozenset({'Laptop', 'Gasoline'})"
0.0071,"frozenset({'Laptop', 'Sugar', 'Wheat'})"
0.0071,"frozenset({'Camera', 'Cereal', 'Pasta'})"
0.0071,"frozenset({'Golf Clubs', 'Detergent'})"
0.0071,"frozenset({'Couch', 'Wheat'})"
0.0071,"frozenset({'Nails', 'Oil'})"
0.0071,"frozenset({'Cereal', 'Foundation'})"
0.0071,"frozenset({'Nails', 'Rice'})"
0.0071,"frozenset({'Painkillers', 'Shoes'})"
0.0071,"frozenset({'Jacket', 'Prescription Medicine'})"
0.0071,"frozenset({'Laptop', 'Rice', 'Pasta'})"
0.0071,"frozenset({'Vitamins', 'Basketball'})"
0.007,"frozenset({'Football', 'Bleach'})"
0.007,"frozenset({'Bed', 'Pasta'})"
0.007,"frozenset({'Plant Pots', 'Rice'})"
0.007,"frozenset({'Acid', 'Fiction'})"
0.007,"frozenset({'Camera', 'Oil', 'Sugar'})"
0.007,"frozenset({'Camera', 'Pet Beds'})"
0.007,"frozenset({'Oil', 'Pasta', 'Wheat'})"
0.007,"frozenset({'Pet Food', 'Cereal'})"
0.007,"frozenset({'Oil', 'Headphones', 'Sugar'})"
0.007,"frozenset({'Rice', 'Eyeliner'})"
0.007,"frozenset({'Nails', 'Wheat'})"
0.007,"frozenset({'Cereal', 'Headphones', 'Rice'})"
0.007,"frozenset({'Football', 'Action Figures'})"
0.007,"frozenset({'Laptop', 'Salt', 'Pasta'})"
0.0069,"frozenset({'Acid', 'Vitamins'})"
0.0069,"frozenset({'Pans', 'Painkillers'})"
0.0069,"frozenset({'Golf Clubs', 'Shoes'})"
0.0069,"frozenset({'Alkali', 'Tennis Rackets'})"
0.0069,"frozenset({'Tires', 'Wheat'})"
0.0069,"frozenset({'Alcohol', 'Headphones'})"
0.0069,"frozenset({'Detergent', 'Board Games'})"
0.0069,"frozenset({'Puzzles', 'Prescription Medicine'})"
0.0069,"frozenset({'Vitamins', 'Tennis Rackets'})"
0.0069,"frozenset({'Bed', 'Cereal'})"
0.0069,"frozenset({'Dolls', 'Prescription Medicine'})"
0.0069,"frozenset({'Vitamins', 'Pots'})"
0.0069,"frozenset({'Salt', 'Fertilizer'})"
0.0069,"frozenset({'Cereal', 'Plant Pots'})"
0.0069,"frozenset({'Jacket', 'Shoes'})"
0.0068,"frozenset({'Notebooks', 'Shoes'})"
0.0068,"frozenset({'Pet Care Products', 'Pasta'})"
0.0068,"frozenset({'Football', 'Dolls'})"
0.0068,"frozenset({'Staplers', 'Vitamins'})"
0.0068,"frozenset({'Mobile', 'Alcohol'})"
0.0068,"frozenset({'Vitamins', 'Puzzles'})"
0.0068,"frozenset({'Laptop', 'Lipstick'})"
0.0068,"frozenset({'Pet Beds', 'Sugar'})"
0.0068,"frozenset({'Golf Clubs', 'Notebooks'})"
0.0068,"frozenset({'Shirt', 'Fiction'})"
0.0068,"frozenset({'Vitamins', 'Board Games'})"
0.0068,"frozenset({'Laptop', 'Oil', 'Sugar'})"
0.0068,"frozenset({'Headphones', 'Gasoline'})"
0.0068,"frozenset({'Plates', 'Fiction'})"
0.0068,"frozenset({'Painkillers', 'Non-fiction'})"
0.0068,"frozenset({'Salt', 'Gardening Tools'})"
0.0068,"frozenset({'Salt', 'Rice', 'Wheat'})"
0.0068,"frozenset({'Pasta', 'Screws'})"
0.0068,"frozenset({'Mascara', 'Rice'})"
0.0068,"frozenset({'Rice', 'Drills'})"
0.0068,"frozenset({'Pans', 'Dolls'})"
0.0068,"frozenset({'Non-fiction', 'Fiction'})"
0.0068,"frozenset({'Laptop', 'Sugar', 'Pasta'})"
0.0067,"frozenset({'Cereal', 'Headphones', 'Pasta'})"
0.0067,"frozenset({'Camera', 'Lipstick'})"
0.0067,"frozenset({'Wipers', 'Cereal'})"
0.0067,"frozenset({'Camera', 'Oil', 'Pasta'})"
0.0067,"frozenset({'Golf Clubs', 'Alkali'})"
0.0067,"frozenset({'Camera', 'Salt', 'Pasta'})"
0.0067,"frozenset({'Basketball', 'Prescription Medicine'})"
0.0067,"frozenset({'Camera', 'Salt', 'Cereal'})"
0.0067,"frozenset({'Salt', 'Car Oil'})"
0.0067,"frozenset({'Pet Food', 'Sugar'})"
0.0067,"frozenset({'Pens', 'Prescription Medicine'})"
0.0067,"frozenset({'Shirt', 'Bleach'})"
0.0067,"frozenset({'Couch', 'Headphones'})"
0.0067,"frozenset({'Action Figures', 'Shoes'})"
0.0067,"frozenset({'Cereal', 'Screws'})"
0.0066,"frozenset({'Dolls', 'Non-fiction'})"
0.0066,"frozenset({'Pet Beds', 'Rice'})"
0.0066,"frozenset({'Salt', 'Plant Pots'})"
0.0066,"frozenset({'Eyeliner', 'Wheat'})"
0.0066,"frozenset({'Camera', 'Sugar', 'Pasta'})"
0.0066,"frozenset({'Staplers', 'Prescription Medicine'})"
0.0066,"frozenset({'Laptop', 'Cereal', 'Pasta'})"
0.0066,"frozenset({'Camera', 'Cereal', 'Sugar'})"
0.0066,"frozenset({'Laptop', 'Hammers'})"
0.0066,"frozenset({'Camera', 'Salt', 'Wheat'})"
0.0066,"frozenset({'Salt', 'Cereal', 'Headphones'})"
0.0066,"frozenset({'Rice', 'Table'})"
0.0066,"frozenset({'Jacket', 'Action Figures'})"
0.0066,"frozenset({'Pants', 'Action Figures'})"
0.0066,"frozenset({'Pet Food', 'Pasta'})"
0.0066,"frozenset({'Headphones', 'Rice', 'Wheat'})"
0.0066,"frozenset({'Batteries', 'Wheat'})"
0.0066,"frozenset({'Acid', 'Painkillers'})"
0.0066,"frozenset({'Pans', 'Detergent'})"
0.0065,"frozenset({'Camera', 'Alcohol'})"
0.0065,"frozenset({'Cereal', 'Pet Care Products'})"
0.0065,"frozenset({'Laptop', 'Alcohol'})"
0.0065,"frozenset({'Laptop', 'Pet Care Products'})"
0.0065,"frozenset({'Headphones', 'Pasta', 'Wheat'})"
0.0065,"frozenset({'Oil', 'Rice', 'Headphones'})"
0.0065,"frozenset({'Pans', 'Golf Clubs'})"
0.0065,"frozenset({'Camera', 'Gasoline'})"
0.0065,"frozenset({'Pants', 'Fiction'})"
0.0065,"frozenset({'Pants', 'Detergent'})"
0.0065,"frozenset({'Pants', 'Non-fiction'})"
0.0065,"frozenset({'Plates', 'Non-fiction'})"
0.0065,"frozenset({'Shoes', 'Tennis Rackets'})"
0.0065,"frozenset({'Oil', 'Headphones', 'Wheat'})"
0.0065,"frozenset({'Camera', 'Oil', 'Rice'})"
0.0065,"frozenset({'Tennis Rackets', 'Fiction'})"
0.0065,"frozenset({'Mobile', 'Car Oil'})"
0.0064,"frozenset({'Plates', 'Shirt'})"
0.0064,"frozenset({'Plates', 'Comics'})"
0.0064,"frozenset({'Laptop', 'Pasta', 'Wheat'})"
0.0064,"frozenset({'Shirt', 'Basketball'})"
0.0064,"frozenset({'Mobile', 'Cereal', 'Pasta'})"
0.0064,"frozenset({'Alkali', 'Prescription Medicine'})"
0.0064,"frozenset({'Wipers', 'Wheat'})"
0.0064,"frozenset({'Acid', 'Puzzles'})"
0.0064,"frozenset({'Puzzles', 'Cutlery'})"
0.0064,"frozenset({'Non-fiction', 'Prescription Medicine'})"
0.0064,"frozenset({'Vitamins', 'Cutlery'})"
0.0064,"frozenset({'Camera', 'Rice', 'Sugar'})"
0.0064,"frozenset({'Academic', 'Board Games'})"
0.0064,"frozenset({'Plant Pots', 'Pasta'})"
0.0064,"frozenset({'Bed', 'Rice'})"
0.0064,"frozenset({'Headphones', 'Rice', 'Sugar'})"
0.0064,"frozenset({'Detergent', 'Notebooks'})"
0.0064,"frozenset({'Car Oil', 'Wheat'})"
0.0064,"frozenset({'Camera', 'Fertilizer'})"
0.0064,"frozenset({'Camera', 'Couch'})"
0.0063,"frozenset({'Seeds', 'Headphones'})"
0.0063,"frozenset({'Bed', 'Wheat'})"
0.0063,"frozenset({'Pet Food', 'Oil'})"
0.0063,"frozenset({'Vitamins', 'Shirt'})"
0.0063,"frozenset({'Camera', 'Pasta', 'Wheat'})"
0.0063,"frozenset({'Mobile', 'Mascara'})"
0.0063,"frozenset({'Detergent', 'Shoes'})"
0.0063,"frozenset({'Seeds', 'Mobile'})"
0.0063,"frozenset({'Detergent', 'Fiction'})"
0.0063,"frozenset({'Laptop', 'Chair'})"
0.0063,"frozenset({'Tennis Rackets', 'Cutlery'})"
0.0063,"frozenset({'Mobile', 'Paint'})"
0.0063,"frozenset({'Markers', 'Puzzles'})"
0.0063,"frozenset({'Jacket', 'Notebooks'})"
0.0063,"frozenset({'Pet Toys', 'Wheat'})"
0.0063,"frozenset({'Puzzles', 'Action Figures'})"
0.0063,"frozenset({'Oil', 'Headphones', 'Pasta'})"
0.0063,"frozenset({'Plant Pots', 'Wheat'})"
0.0063,"frozenset({'Notebooks', 'Shirt'})"
0.0063,"frozenset({'Football', 'Pens'})"
0.0063,"frozenset({'Football', 'Board Games'})"
0.0063,"frozenset({'Cereal', 'Headphones', 'Wheat'})"
0.0063,"frozenset({'Cereal', 'Pet Toys'})"
0.0063,"frozenset({'Laptop', 'Salt', 'Sugar'})"
0.0063,"frozenset({'Detergent', 'Puzzles'})"
0.0063,"frozenset({'Pens', 'Shoes'})"
0.0063,"frozenset({'Jacket', 'Painkillers'})"
0.0062,"frozenset({'Bleach', 'Cutlery'})"
0.0062,"frozenset({'Headphones', 'Rice', 'Pasta'})"
0.0062,"frozenset({'Cutlery', 'Fiction'})"
0.0062,"frozenset({'Painkillers', 'Basketball'})"
0.0062,"frozenset({'Non-fiction', 'Cutlery'})"
0.0062,"frozenset({'Camera', 'Car Oil'})"
0.0062,"frozenset({'Laptop', 'Salt', 'Rice'})"
0.0062,"frozenset({'Markers', 'Basketball'})"
0.0062,"frozenset({'Acid', 'Football'})"
0.0062,"frozenset({'Golf Clubs', 'Pots'})"
0.0062,"frozenset({'Shirt', 'Cutlery'})"
0.0062,"frozenset({'Mobile', 'Screws'})"
0.0062,"frozenset({'Football', 'Notebooks'})"
0.0062,"frozenset({'Pants', 'Alkali'})"
0.0062,"frozenset({'Non-fiction', 'Board Games'})"
0.0062,"frozenset({'Plates', 'Detergent'})"
0.0062,"frozenset({'Cereal', 'Chair'})"
0.0062,"frozenset({'Plates', 'Painkillers'})"
0.0062,"frozenset({'Action Figures', 'Pens'})"
0.0062,"frozenset({'Laptop', 'Screws'})"
0.0062,"frozenset({'Shirt', 'Pens'})"
0.0062,"frozenset({'Alkali', 'Shirt'})"
0.0062,"frozenset({'Cereal', 'Gardening Tools'})"
0.0062,"frozenset({'Pants', 'Prescription Medicine'})"
0.0062,"frozenset({'Pans', 'Notebooks'})"
0.0062,"frozenset({'Oil', 'Mobile', 'Sugar'})"
0.0061,"frozenset({'Dolls', 'Pens'})"
0.0061,"frozenset({'Acid', 'Academic'})"
0.0061,"frozenset({'Golf Clubs', 'Comics'})"
0.0061,"frozenset({'Plates', 'Alkali'})"
0.0061,"frozenset({'Salt', 'Headphones', 'Wheat'})"
0.0061,"frozenset({'Non-fiction', 'Basketball'})"
0.0061,"frozenset({'Golf Clubs', 'Markers'})"
0.0061,"frozenset({'Basketball', 'Fiction'})"
0.0061,"frozenset({'Mobile', 'Salt', 'Pasta'})"
0.0061,"frozenset({'Pens', 'Basketball'})"
0.0061,"frozenset({'Golf Clubs', 'Plates'})"
0.0061,"frozenset({'Plates', 'Puzzles'})"
0.0061,"frozenset({'Golf Clubs', 'Puzzles'})"
0.0061,"frozenset({'Markers', 'Dolls'})"
0.0061,"frozenset({'Puzzles', 'Board Games'})"
0.0061,"frozenset({'Shirt', 'Tennis Rackets'})"
0.0061,"frozenset({'Jacket', 'Shirt'})"
0.0061,"frozenset({'Comics', 'Prescription Medicine'})"
0.0061,"frozenset({'Painkillers', 'Dolls'})"
0.0061,"frozenset({'Golf Clubs', 'Shirt'})"
0.0061,"frozenset({'Painkillers', 'Pots'})"
0.0061,"frozenset({'Acid', 'Comics'})"
0.0061,"frozenset({'Pans', 'Shirt'})"
0.0061,"frozenset({'Basketball', 'Cutlery'})"
0.0061,"frozenset({'Cutlery', 'Board Games'})"
0.0061,"frozenset({'Markers', 'Tennis Rackets'})"
0.0061,"frozenset({'Camera', 'Sugar', 'Wheat'})"
0.0061,"frozenset({'Mobile', 'Tires'})"
0.006,"frozenset({'Pet Food', 'Salt'})"
0.006,"frozenset({'Table', 'Wheat'})"
0.006,"frozenset({'Acid', 'Action Figures'})"
0.006,"frozenset({'Dolls', 'Cutlery'})"
0.006,"frozenset({'Pasta', 'Drills'})"
0.006,"frozenset({'Pants', 'Football'})"
0.006,"frozenset({'Pans', 'Puzzles'})"
0.006,"frozenset({'Detergent', 'Tennis Rackets'})"
0.006,"frozenset({'Markers', 'Non-fiction'})"
0.006,"frozenset({'Action Figures', 'Cutlery'})"
0.006,"frozenset({'Notebooks', 'Non-fiction'})"
0.006,"frozenset({'Camera', 'Salt', 'Sugar'})"
0.006,"frozenset({'Pens', 'Board Games'})"
0.006,"frozenset({'Shirt', 'Non-fiction'})"
0.006,"frozenset({'Prescription Medicine', 'Cutlery'})"
0.006,"frozenset({'Laptop', 'Oil', 'Cereal'})"
0.006,"frozenset({'Alkali', 'Action Figures'})"
0.006,"frozenset({'Acid', 'Non-fiction'})"
0.006,"frozenset({'Plates', 'Vitamins'})"
0.006,"frozenset({'Laptop', 'Cereal', 'Wheat'})"
0.006,"frozenset({'Action Figures', 'Academic'})"
0.006,"frozenset({'Mobile', 'Hammers'})"
0.006,"frozenset({'Non-fiction', 'Bleach'})"
0.006,"frozenset({'Pants', 'Pots'})"
0.006,"frozenset({'Salt', 'Oil', 'Prescription Medicine'})"
0.0059,"frozenset({'Nails', 'Headphones'})"
0.0059,"frozenset({'Wipers', 'Laptop'})"
0.0059,"frozenset({'Acid', 'Bleach'})"
0.0059,"frozenset({'Acid', 'Board Games'})"
0.0059,"frozenset({'Mobile', 'Pasta', 'Wheat'})"
0.0059,"frozenset({'Headphones', 'Pet Beds'})"
0.0059,"frozenset({'Mobile', 'Table'})"
0.0059,"frozenset({'Mobile', 'Cereal', 'Sugar'})"
0.0059,"frozenset({'Laptop', 'Fertilizer'})"
0.0059,"frozenset({'Basketball', 'Tennis Rackets'})"
0.0059,"frozenset({'Plates', 'Tennis Rackets'})"
0.0059,"frozenset({'Notebooks', 'Tennis Rackets'})"
0.0059,"frozenset({'Camera', 'Oil', 'Wheat'})"
0.0059,"frozenset({'Plates', 'Acid'})"
0.0059,"frozenset({'Dolls', 'Bleach'})"
0.0059,"frozenset({'Alkali', 'Puzzles'})"
0.0059,"frozenset({'Tennis Rackets', 'Board Games'})"
0.0059,"frozenset({'Bleach', 'Tennis Rackets'})"
0.0059,"frozenset({'Rice', 'Batteries'})"
0.0059,"frozenset({'Camera', 'Cereal', 'Rice'})"
0.0059,"frozenset({'Markers', 'Fiction'})"
0.0059,"frozenset({'Laptop', 'Rice', 'Sugar'})"
0.0059,"frozenset({'Laptop', 'Oil', 'Headphones'})"
0.0059,"frozenset({'Shirt', 'Comics'})"
0.0059,"frozenset({'Pants', 'Dolls'})"
0.0059,"frozenset({'Alkali', 'Detergent'})"
0.0059,"frozenset({'Staplers', 'Shoes'})"
0.0059,"frozenset({'Pants', 'Markers'})"
0.0059,"frozenset({'Alkali', 'Bleach'})"
0.0059,"frozenset({'Academic', 'Fiction'})"
0.0059,"frozenset({'Bed', 'Oil'})"
0.0059,"frozenset({'Football', 'Shirt'})"
0.0059,"frozenset({'Prescription Medicine', 'Shoes'})"
0.0059,"frozenset({'Football', 'Shoes'})"
0.0059,"frozenset({'Detergent', 'Dolls'})"
0.0059,"frozenset({'Jacket', 'Non-fiction'})"
0.0059,"frozenset({'Markers', 'Board Games'})"
0.0059,"frozenset({'Markers', 'Action Figures'})"
0.0059,"frozenset({'Camera', 'Tires'})"
0.0059,"frozenset({'Markers', 'Football'})"
0.0058,"frozenset({'Mobile', 'Cereal', 'Wheat'})"
0.0058,"frozenset({'Comics', 'Academic'})"
0.0058,"frozenset({'Salt', 'Headphones', 'Sugar'})"
0.0058,"frozenset({'Headphones', 'Sugar', 'Pasta'})"
0.0058,"frozenset({'Pots', 'Fiction'})"
0.0058,"frozenset({'Mobile', 'Oil', 'Wheat'})"
0.0058,"frozenset({'Pans', 'Football'})"
0.0058,"frozenset({'Vitamins', 'Paint'})"
0.0058,"frozenset({'Golf Clubs', 'Staplers'})"
0.0058,"frozenset({'Shirt', 'Shoes'})"
0.0058,"frozenset({'Bleach', 'Shoes'})"
0.0058,"frozenset({'Headphones', 'Foundation'})"
0.0058,"frozenset({'Football', 'Puzzles'})"
0.0058,"frozenset({'Puzzles', 'Fiction'})"
0.0058,"frozenset({'Laptop', 'Salt', 'Wheat'})"
0.0058,"frozenset({'Jacket', 'Pens'})"
0.0058,"frozenset({'Jacket', 'Bleach'})"
0.0058,"frozenset({'Mobile', 'Rice', 'Oil'})"
0.0058,"frozenset({'Salt', 'Table'})"
0.0058,"frozenset({'Pens', 'Pots'})"
0.0058,"frozenset({'Detergent', 'Non-fiction'})"
0.0058,"frozenset({'Non-fiction', 'Academic'})"
0.0058,"frozenset({'Plates', 'Football'})"
0.0058,"frozenset({'Mobile', 'Lipstick'})"
0.0058,"frozenset({'Dolls', 'Fiction'})"
0.0057,"frozenset({'Plates', 'Jacket'})"
0.0057,"frozenset({'Cereal', 'Headphones', 'Sugar'})"
0.0057,"frozenset({'Alkali', 'Board Games'})"
0.0057,"frozenset({'Pens', 'Tennis Rackets'})"
0.0057,"frozenset({'Pens', 'Academic'})"
0.0057,"frozenset({'Plates', 'Markers'})"
0.0057,"frozenset({'Headphones', 'Sugar', 'Wheat'})"
0.0057,"frozenset({'Camera', 'Hammers'})"
0.0057,"frozenset({'Comics', 'Cutlery'})"
0.0057,"frozenset({'Laptop', 'Mascara'})"
0.0057,"frozenset({'Camera', 'Chair'})"
0.0057,"frozenset({'Acid', 'Shoes'})"
0.0057,"frozenset({'Jacket', 'Board Games'})"
0.0057,"frozenset({'Alkali', 'Jacket'})"
0.0057,"frozenset({'Markers', 'Shoes'})"
0.0057,"frozenset({'Laptop', 'Rice', 'Wheat'})"
0.0057,"frozenset({'Laptop', 'Cereal', 'Sugar'})"
0.0057,"frozenset({'Laptop', 'Oil', 'Wheat'})"
0.0057,"frozenset({'Camera', 'Oil', 'Laptop'})"
0.0057,"frozenset({'Acid', 'Shirt'})"
0.0057,"frozenset({'Acid', 'Dolls'})"
0.0057,"frozenset({'Fiction', 'Board Games'})"
0.0057,"frozenset({'Bleach', 'Comics'})"
0.0057,"frozenset({'Laptop', 'Gardening Tools'})"
0.0057,"frozenset({'Pans', 'Academic'})"
0.0057,"frozenset({'Staplers', 'Puzzles'})"
0.0057,"frozenset({'Camera', 'Salt', 'Headphones'})"
0.0057,"frozenset({'Staplers', 'Tennis Rackets'})"
0.0057,"frozenset({'Bleach', 'Pens'})"
0.0057,"frozenset({'Pants', 'Shoes'})"
0.0057,"frozenset({'Mobile', 'Sugar', 'Pasta'})"
0.0057,"frozenset({'Mobile', 'Cereal', 'Oil'})"
0.0057,"frozenset({'Bleach', 'Action Figures'})"
0.0057,"frozenset({'Golf Clubs', 'Non-fiction'})"
0.0057,"frozenset({'Notebooks', 'Board Games'})"
0.0056,"frozenset({'Puzzles', 'Pens'})"
0.0056,"frozenset({'Camera', 'Batteries'})"
0.0056,"frozenset({'Camera', 'Plant Pots'})"
0.0056,"frozenset({'Camera', 'Oil', 'Cereal'})"
0.0056,"frozenset({'Alkali', 'Academic'})"
0.0056,"frozenset({'Golf Clubs', 'Cutlery'})"
0.0056,"frozenset({'Detergent', 'Cutlery'})"
0.0056,"frozenset({'Mascara', 'Wheat'})"
0.0056,"frozenset({'Camera', 'Gardening Tools'})"
0.0056,"frozenset({'Pans', 'Fiction'})"
0.0056,"frozenset({'Camera', 'Mascara'})"
0.0056,"frozenset({'Pans', 'Alkali'})"
0.0056,"frozenset({'Headphones', 'Table'})"
0.0056,"frozenset({'Golf Clubs', 'Bleach'})"
0.0056,"frozenset({'Pants', 'Basketball'})"
0.0056,"frozenset({'Golf Clubs', 'Action Figures'})"
0.0056,"frozenset({'Couch', 'Mobile'})"
0.0056,"frozenset({'Detergent', 'Shirt'})"
0.0056,"frozenset({'Alkali', 'Markers'})"
0.0056,"frozenset({'Staplers', 'Notebooks'})"
0.0056,"frozenset({'Puzzles', 'Tennis Rackets'})"
0.0056,"frozenset({'Rice', 'Car Oil'})"
0.0056,"frozenset({'Mobile', 'Pet Care Products'})"
0.0056,"frozenset({'Football', 'Academic'})"
0.0056,"frozenset({'Shirt', 'Puzzles'})"
0.0056,"frozenset({'Headphones', 'Pet Care Products'})"
0.0056,"frozenset({'Detergent', 'Bleach'})"
0.0056,"frozenset({'Dolls', 'Basketball'})"
0.0056,"frozenset({'Jacket', 'Academic'})"
0.0056,"frozenset({'Jacket', 'Puzzles'})"
0.0056,"frozenset({'Notebooks', 'Bleach'})"
0.0056,"frozenset({'Dolls', 'Pots'})"
0.0056,"frozenset({'Alkali', 'Shoes'})"
0.0056,"frozenset({'Non-fiction', 'Action Figures'})"
0.0056,"frozenset({'Pet Food', 'Laptop'})"
0.0055,"frozenset({'Shoes', 'Academic'})"
0.0055,"frozenset({'Pans', 'Shoes'})"
0.0055,"frozenset({'Detergent', 'Comics'})"
0.0055,"frozenset({'Comics', 'Board Games'})"
0.0055,"frozenset({'Golf Clubs', 'Gasoline'})"
0.0055,"frozenset({'Action Figures', 'Fiction'})"
0.0055,"frozenset({'Acid', 'Cutlery'})"
0.0055,"frozenset({'Mobile', 'Pet Beds'})"
0.0055,"frozenset({'Mobile', 'Batteries'})"
0.0055,"frozenset({'Laptop', 'Cereal', 'Rice'})"
0.0055,"frozenset({'Dolls', 'Shirt'})"
0.0055,"frozenset({'Academic', 'Tennis Rackets'})"
0.0055,"frozenset({'Dolls', 'Puzzles'})"
0.0055,"frozenset({'Salt', 'Headphones', 'Oil'})"
0.0055,"frozenset({'Oil', 'Rice', 'Prescription Medicine'})"
0.0055,"frozenset({'Alkali', 'Non-fiction'})"
0.0055,"frozenset({'Alkali', 'Cutlery'})"
0.0055,"frozenset({'Shirt', 'Academic'})"
0.0055,"frozenset({'Laptop', 'Table'})"
0.0055,"frozenset({'Mobile', 'Plant Pots'})"
0.0055,"frozenset({'Wipers', 'Mobile'})"
0.0055,"frozenset({'Cereal', 'Table'})"
0.0055,"frozenset({'Plant Pots', 'Headphones'})"
0.0055,"frozenset({'Camera', 'Headphones', 'Rice'})"
0.0055,"frozenset({'Puzzles', 'Pots'})"
0.0055,"frozenset({'Plates', 'Action Figures'})"
0.0055,"frozenset({'Salt', 'Headphones', 'Pasta'})"
0.0055,"frozenset({'Bed', 'Headphones'})"
0.0055,"frozenset({'Puzzles', 'Bleach'})"
0.0055,"frozenset({'Notebooks', 'Action Figures'})"
0.0055,"frozenset({'Oil', 'Cereal', 'Headphones'})"
0.0054,"frozenset({'Detergent', 'Action Figures'})"
0.0054,"frozenset({'Wipers', 'Vitamins'})"
0.0054,"frozenset({'Laptop', 'Batteries'})"
0.0054,"frozenset({'Shoes', 'Fiction'})"
0.0054,"frozenset({'Alkali', 'Fiction'})"
0.0054,"frozenset({'Golf Clubs', 'Tennis Rackets'})"
0.0054,"frozenset({'Mobile', 'Oil', 'Pasta'})"
0.0054,"frozenset({'Alkali', 'Football'})"
0.0054,"frozenset({'Dolls', 'Action Figures'})"
0.0054,"frozenset({'Camera', 'Pet Care Products'})"
0.0054,"frozenset({'Headphones', 'Tires'})"
0.0054,"frozenset({'Non-fiction', 'Pots'})"
0.0054,"frozenset({'Puzzles', 'Basketball'})"
0.0054,"frozenset({'Detergent', 'Football'})"
0.0054,"frozenset({'Markers', 'Pots'})"
0.0054,"frozenset({'Headphones', 'Lipstick'})"
0.0054,"frozenset({'Mobile', 'Salt', 'Oil'})"
0.0054,"frozenset({'Plates', 'Shoes'})"
0.0054,"frozenset({'Jacket', 'Pots'})"
0.0054,"frozenset({'Jacket', 'Basketball'})"
0.0054,"frozenset({'Football', 'Non-fiction'})"
0.0054,"frozenset({'Acid', 'Notebooks'})"
0.0054,"frozenset({'Action Figures', 'Basketball'})"
0.0054,"frozenset({'Camera', 'Foundation'})"
0.0054,"frozenset({'Pants', 'Academic'})"
0.0054,"frozenset({'Staplers', 'Pants'})"
0.0054,"frozenset({'Camera', 'Headphones', 'Wheat'})"
0.0054,"frozenset({'Camera', 'Table'})"
0.0054,"frozenset({'Mobile', 'Salt', 'Wheat'})"
0.0054,"frozenset({'Staplers', 'Shirt'})"
0.0054,"frozenset({'Pants', 'Tennis Rackets'})"
0.0054,"frozenset({'Comics', 'Basketball'})"
0.0054,"frozenset({'Nails', 'Laptop'})"
0.0054,"frozenset({'Staplers', 'Cutlery'})"
0.0054,"frozenset({'Staplers', 'Dolls'})"
0.0054,"frozenset({'Mobile', 'Gasoline'})"
0.0054,"frozenset({'Salt', 'Chair'})"
0.0054,"frozenset({'Golf Clubs', 'Fiction'})"
0.0054,"frozenset({'Pots', 'Tennis Rackets'})"
0.0054,"frozenset({'Headphones', 'Screws'})"
0.0053,"frozenset({'Basketball', 'Board Games'})"
0.0053,"frozenset({'Staplers', 'Action Figures'})"
0.0053,"frozenset({'Mobile', 'Sugar', 'Wheat'})"
0.0053,"frozenset({'Mobile', 'Chair'})"
0.0053,"frozenset({'Camera', 'Screws'})"
0.0053,"frozenset({'Mobile', 'Eyeliner'})"
0.0053,"frozenset({'Painkillers', 'Pet Care Products'})"
0.0053,"frozenset({'Laptop', 'Oil', 'Rice'})"
0.0053,"frozenset({'Football', 'Comics'})"
0.0053,"frozenset({'Mobile', 'Headphones', 'Rice'})"
0.0053,"frozenset({'Laptop', 'Couch'})"
0.0053,"frozenset({'Mobile', 'Gardening Tools'})"
0.0053,"frozenset({'Football', 'Paint'})"
0.0053,"frozenset({'Pans', 'Bleach'})"
0.0053,"frozenset({'Pants', 'Comics'})"
0.0053,"frozenset({'Notebooks', 'Academic'})"
0.0053,"frozenset({'Mobile', 'Salt', 'Sugar'})"
0.0053,"frozenset({'Football', 'Cutlery'})"
0.0053,"frozenset({'Pans', 'Tennis Rackets'})"
0.0053,"frozenset({'Couch', 'Painkillers'})"
0.0053,"frozenset({'Mobile', 'Rice', 'Sugar'})"
0.0053,"frozenset({'Markers', 'Shirt'})"
0.0053,"frozenset({'Jacket', 'Fiction'})"
0.0053,"frozenset({'Vitamins', 'Sugar', 'Pasta'})"
0.0053,"frozenset({'Notebooks', 'Pens'})"
0.0053,"frozenset({'Acid', 'Pants'})"
0.0053,"frozenset({'Pans', 'Acid'})"
0.0053,"frozenset({'Acid', 'Tennis Rackets'})"
0.0053,"frozenset({'Notebooks', 'Puzzles'})"
0.0052,"frozenset({'Camera', 'Nails'})"
0.0052,"frozenset({'Golf Clubs', 'Football'})"
0.0052,"frozenset({'Notebooks', 'Fiction'})"
0.0052,"frozenset({'Jacket', 'Tennis Rackets'})"
0.0052,"frozenset({'Mobile', 'Pet Toys'})"
0.0052,"frozenset({'Staplers', 'Jacket'})"
0.0052,"frozenset({'Shirt', 'Action Figures'})"
0.0052,"frozenset({'Golf Clubs', 'Basketball'})"
0.0052,"frozenset({'Camera', 'Laptop', 'Sugar'})"
0.0052,"frozenset({'Markers', 'Comics'})"
0.0052,"frozenset({'Mobile', 'Cereal', 'Rice'})"
0.0052,"frozenset({'Mobile', 'Salt', 'Cereal'})"
0.0052,"frozenset({'Alkali', 'Notebooks'})"
0.0052,"frozenset({'Football', 'Pots'})"
0.0052,"frozenset({'Staplers', 'Fiction'})"
0.0052,"frozenset({'Comics', 'Tennis Rackets'})"
0.0052,"frozenset({'Painkillers', 'Paint'})"
0.0052,"frozenset({'Pans', 'Comics'})"
0.0052,"frozenset({'Non-fiction', 'Tennis Rackets'})"
0.0052,"frozenset({'Acid', 'Detergent'})"
0.0052,"frozenset({'Bleach', 'Pots'})"
0.0052,"frozenset({'Laptop', 'Plant Pots'})"
0.0052,"frozenset({'Seeds', 'Laptop'})"
0.0052,"frozenset({'Camera', 'Laptop', 'Wheat'})"
0.0052,"frozenset({'Bleach', 'Fiction'})"
0.0052,"frozenset({'Camera', 'Salt', 'Laptop'})"
0.0051,"frozenset({'Detergent', 'Markers'})"
0.0051,"frozenset({'Pots', 'Academic'})"
0.0051,"frozenset({'Basketball', 'Pots'})"
0.0051,"frozenset({'Camera', 'Headphones', 'Pasta'})"
0.0051,"frozenset({'Headphones', 'Fertilizer'})"
0.0051,"frozenset({'Detergent', 'Academic'})"
0.0051,"frozenset({'Mobile', 'Salt', 'Rice'})"
0.0051,"frozenset({'Golf Clubs', 'Board Games'})"
0.0051,"frozenset({'Puzzles', 'Non-fiction'})"
0.0051,"frozenset({'Oil', 'Prescription Medicine', 'Pasta'})"
0.0051,"frozenset({'Plates', 'Notebooks'})"
0.0051,"frozenset({'Detergent', 'Pens'})"
0.0051,"frozenset({'Wipers', 'Headphones'})"
0.0051,"frozenset({'Pants', 'Gasoline'})"
0.0051,"frozenset({'Vitamins', 'Gasoline'})"
0.0051,"frozenset({'Staplers', 'Non-fiction'})"
0.0051,"frozenset({'Pants', 'Notebooks'})"
0.0051,"frozenset({'Golf Clubs', 'Pens'})"
0.0051,"frozenset({'Mobile', 'Rice', 'Wheat'})"
0.0051,"frozenset({'Markers', 'Pens'})"
0.0051,"frozenset({'Basketball', 'Academic'})"
0.0051,"frozenset({'Markers', 'Cutlery'})"
0.0051,"frozenset({'Golf Clubs', 'Jacket'})"
0.0051,"frozenset({'Acid', 'Basketball'})"
0.005,"frozenset({'Paint', 'Notebooks'})"
0.005,"frozenset({'Alcohol', 'Painkillers'})"
0.005,"frozenset({'Notebooks', 'Basketball'})"
0.005,"frozenset({'Shirt', 'Pots'})"
0.005,"frozenset({'Alcohol', 'Prescription Medicine'})"
0.005,"frozenset({'Golf Clubs', 'Academic'})"
0.005,"frozenset({'Camera', 'Bed'})"
0.005,"frozenset({'Detergent', 'Pots'})"
0.005,"frozenset({'Laptop', 'Bed'})"
0.005,"frozenset({'Pants', 'Board Games'})"
0.005,"frozenset({'Bleach', 'Academic'})"
0.005,"frozenset({'Camera', 'Drills'})"
0.005,"frozenset({'Paint', 'Shoes'})"
0.005,"frozenset({'Non-fiction', 'Shoes'})"
0.005,"frozenset({'Camera', 'Wipers'})"
0.005,"frozenset({'Pens', 'Cutlery'})"
0.005,"frozenset({'Headphones', 'Eyeliner'})"
0.005,"frozenset({'Nails', 'Mobile'})"
0.005,"frozenset({'Markers', 'Bleach'})"
0.005,"frozenset({'Bleach', 'Basketball'})"
0.005,"frozenset({'Dolls', 'Academic'})"
0.005,"frozenset({'Notebooks', 'Cutlery'})"
0.005,"frozenset({'Academic', 'Cutlery'})"
0.005,"frozenset({'Dolls', 'Board Games'})"
0.005,"frozenset({'Notebooks', 'Comics'})"
0.005,"frozenset({'Jacket', 'Comics'})"
0.005,"frozenset({'Action Figures', 'Comics'})"
0.005,"frozenset({'Pans', 'Staplers'})"
0.005,"frozenset({'Camera', 'Oil', 'Headphones'})"
0.005,"frozenset({'Mobile', 'Headphones', 'Sugar'})"
0.005,"frozenset({'Laptop', 'Pet Toys'})"
0.005,"frozenset({'Puzzles', 'Shoes'})"
0.005,"frozenset({'Staplers', 'Detergent'})"
